times,cross,test-accuracy,train-accuracy
0,4.02302,0.0185185,0.0
5,3.95703,0.00740741,0.0
